source_id,company_name,company_domain,register_number,city,career_url,source_type,source_status,enabled,prior_job_signal,parser,http_status,links_or_records_discovered,jobs_parsed,german_jobs_verified,verification_error,last_checked_at,provenance
f3895a2def75f5d79de6,Auer GmbH,www.auer.com,D2910V_HRB1027,Aising,https://www.auer.com/de/Karriere,custom_career_page,no_structured_jobs,false,job listing link,job-link discovery + JSON-LD,200,0,0,0,,2026-09-15T15:55:51.923453+00:00,verified company career page from Bavaria company audit
0adaeb294ebc1fbb2a7d,Bradenstein GmbH,bradenstein-transporte.de,D4708V_HRB10530,Acholshausen,https://bradenstein-transporte.de/karriere/,custom_career_page,monitoring,false,none,not_tested,,0,0,0,,2026-09-15T15:56:21.834528+00:00,verified company career page from Bavaria company audit
2d810f5ca81d1e4e5ff4,Malerbetrieb Schmitt GmbH,malerbetriebschmitt.de,D4102V_HRB10248,Altenbuch,https://malerbetriebschmitt.de/Stellenangebot/,custom_career_page,no_structured_jobs,false,job listing link,job-link discovery + JSON-LD,200,0,0,0,,2026-09-15T15:55:51.979334+00:00,verified company career page from Bavaria company audit
cd2ce6340d5fd17b20f9,NOVVIA GmbH,novvia.de,D2601V_HRB150700,Au,https://novvia.de/karriere/,custom_career_page,monitoring,false,none,not_tested,,0,0,0,,2026-09-15T15:56:21.834528+00:00,verified company career page from Bavaria company audit
443b15c2741e67578aa5,Nutz GmbH,nutz.com,D2910V_HRB1966,Aschau b. Kraiburg,https://nutz-karriere.com/,custom_career_page,no_structured_jobs,false,job listing link,job-link discovery + JSON-LD,200,7,0,0,,2026-09-15T15:55:51.979334+00:00,verified company career page from Bavaria company audit
2138d6db1d52e6a0592b,Wiedemann GmbH,www.wiedemann.de,D2505V_HRB11818,Aichen,https://www.wiedemann.de/karriere,custom_career_page,no_structured_jobs,false,job listing link,job-link discovery + JSON-LD,200,0,0,0,,2026-09-15T15:55:51.980334+00:00,verified company career page from Bavaria company audit
ebe7fc8a93178757950a,Wink GmbH,www.wink.de,D2102V_HRB10660,Altenmünster,https://www.wink.de/de/karriere/wink-als-arbeitgeber,custom_career_page,no_structured_jobs,false,job listing link,job-link discovery + JSON-LD,200,0,0,0,,2026-09-15T15:55:51.981334+00:00,verified company career page from Bavaria company audit
368ffb1cb6233448b195,derProsch GmbH,www.derprosch.de,D3101V_HRB6405,92278 Illschwang,https://www.derprosch.de/karriere/,custom_career_page,monitoring,false,none,not_tested,,0,0,0,,2026-09-15T15:56:21.834528+00:00,verified company career page from Bavaria company audit
d50ac938b4c64b2d342d,Brendel Bau GmbH,www.wolf-thies.de,D3310V_HRB17845,"Berching, Ortsteil Wattenberg",https://www.wolf-thies.de/komm-ins-team/karriere-bei-wolf-thies/karriereinfos,custom_career_page,no_structured_jobs,false,job listing link,job-link discovery + JSON-LD,200,0,0,0,,2026-09-15T15:55:51.991871+00:00,verified company career page from Bavaria company audit
7b2b4702ec565b85033e,Freunberger GmbH,freunberger.com,D2910V_HRB12183,Albaching,https://freunberger.com/karriere,custom_career_page,monitoring,false,none,not_tested,,0,0,0,,2026-09-15T15:56:21.834528+00:00,verified company career page from Bavaria company audit
b2a08e759ce0839e1fdf,HAWE GmbH,www.hawe.com,D4401V_HRB1185,Altenkunstadt,https://www.hawe.com/de-de/unternehmen/karriere/,custom_career_page,monitoring,false,none,not_tested,,0,0,0,,2026-09-15T15:56:21.834528+00:00,verified company career page from Bavaria company audit
10dbbf4ce89ce18c8ba6,Hagen GmbH,www.hagen.de,D4501V_HRB1154,"Bad Steben, Ortsteil Carlsgrün",https://www.hagen.de/aus-dem-rathaus/fachbereiche-und-aemter/fachbereiche-a-z/hagen-karriere/,custom_career_page,no_structured_jobs,false,job listing link,job-link discovery + JSON-LD,200,0,0,0,,2026-09-15T15:55:51.993404+00:00,verified company career page from Bavaria company audit
3c478d9572ed42745cb1,Heringklee GmbH,www.heringklee.com,D3101V_HRB1346,Auerbach i.d.Opf.,https://www.heringklee.com/karriere/,custom_career_page,monitoring,false,none,not_tested,,0,0,0,,2026-09-15T15:56:21.834528+00:00,verified company career page from Bavaria company audit
f6761513e61e1bf1183f,Holzbau Mayer GmbH,holzbaumayer.de,D2505V_HRB13988,Apfeltrach,https://holzbaumayer.de/karriere/,custom_career_page,monitoring,false,none,not_tested,,0,0,0,,2026-09-15T15:56:21.834528+00:00,verified company career page from Bavaria company audit
d562109533f588d77e32,Huber Transporte GmbH,www.hubertransporte.de,D4301V_HRB1221,Bad Berneck,https://www.hubertransporte.de/stellenangebote-kraftfahrer/index.php,custom_career_page,no_structured_jobs,false,job listing link,job-link discovery + JSON-LD,200,0,0,0,,2026-09-15T15:55:51.994413+00:00,verified company career page from Bavaria company audit
1af2d5221818e45de4a7,ITIS  AG,www.itis.de,D2404V_HRB5072,Altheim,https://www.itis.de/jobs,custom_career_page,no_structured_jobs,false,job listing link,job-link discovery + JSON-LD,200,9,0,0,,2026-09-15T15:55:51.994413+00:00,verified company career page from Bavaria company audit
5e992a2ac40ce4efd061,M & S Kunststofftechnik GmbH,mskunststofftechnik.de,D2505V_HRB5331,"Bad Wörishofen, Ortsteil Schlingen",https://mskunststofftechnik.de/karriere/,custom_career_page,no_structured_jobs,false,job listing link,job-link discovery + JSON-LD,200,2,0,0,,2026-09-15T15:55:51.995419+00:00,verified company career page from Bavaria company audit
e1ca387a9b98da9f9de0,Merz Reisen GmbH,www.merzreisen.de,D3310V_HRB2435,"Berg, Ortsteil Gnadenberg",https://www.merzreisen.de/stellenangebote,custom_career_page,no_structured_jobs,false,job listing link,job-link discovery + JSON-LD,200,1,0,0,,2026-09-15T15:55:51.996420+00:00,verified company career page from Bavaria company audit
4cba21700b8e9e697f32,Pfeiffer Bau GmbH,www.pfeifferbau.de,D3310V_HRB29483,Berg b.Neumarkt i.d.OPf. OT Sindlbach,https://pfeiffer-karriere.de/,custom_career_page,monitoring,false,none,not_tested,,0,0,0,,2026-09-15T15:56:21.834528+00:00,verified company career page from Bavaria company audit
4f0bec1774d0c87b4e62,Pohl GmbH,www.pohl.de,D4401V_HRB1105,Bad Rodach,https://www.pohl.de/karriere/,custom_career_page,no_structured_jobs,false,job listing link,job-link discovery + JSON-LD,200,1,0,0,,2026-09-15T15:55:51.996420+00:00,verified company career page from Bavaria company audit
4e6222fc3bc7e338af5e,Schmidt Technology GmbH,www.schmidttechnology.de,D2601V_HRB112027,Bernbeuren,https://karriere.schmidttechnology.de/,custom_career_page,ingestion_ready,true,job listing link,job-link discovery + JSON-LD,200,10,10,10,,2026-09-15T15:55:51.996420+00:00,verified company career page from Bavaria company audit
0fc794deb0960b942b83,VaW GmbH,www.vaw.de,D4401V_HRB2273,Ahorn,https://www.vaw.de/de/unternehmen/offene-stellen,custom_career_page,no_structured_jobs,false,job listing link,job-link discovery + JSON-LD,200,0,0,0,,2026-09-15T15:55:51.996420+00:00,verified company career page from Bavaria company audit
9fba495bcd1fc14a28c6,Völk GmbH,www.volk.de,D2601V_HRB119176,Antdorf,https://www.volk.de/jobs/,custom_career_page,no_structured_jobs,false,job listing link,job-link discovery + JSON-LD,200,0,0,0,,2026-09-15T15:55:51.996420+00:00,verified company career page from Bavaria company audit
ec7830b183b2bc702826,Wanzel GmbH.,lindsay.de,D4708V_HRB5139,Arnstein-Schwebenried,https://lindsay.de/stellenangebote/,custom_career_page,no_structured_jobs,false,job listing link,job-link discovery + JSON-LD,200,4,0,0,,2026-09-15T15:55:51.996420+00:00,verified company career page from Bavaria company audit
cf97b0b974e578d46635,Con-Tec GmbH,www.contec.de,D2505V_HRB10769,Boos,https://karriere.contec.de,custom_career_page,monitoring,false,none,not_tested,,0,0,0,,2026-09-15T15:56:21.834528+00:00,verified company career page from Bavaria company audit
c32c3d3667eeac247e6b,Eichinger GmbH,eichinger.de,D2803V_HRB10216,Aldersbach,https://eichinger.de/de/jobs/,custom_career_page,no_structured_jobs,false,job listing link,job-link discovery + JSON-LD,200,7,0,0,,2026-09-15T15:55:51.996420+00:00,verified company career page from Bavaria company audit
5606fd050cfc94d380eb,Gastl GmbH,gastl.de,D2102V_HRB10615,Bissingen,https://gastl.de/jobs/,custom_career_page,no_structured_jobs,false,job listing link,job-link discovery + JSON-LD,200,1,0,0,,2026-09-15T15:55:51.996420+00:00,verified company career page from Bavaria company audit
eada2d7785be6be08cfe,Zellner GmbH,www.zellner.de,D2201V_HRB1087,Bischofsmais,https://www.zellner.de/stellen-und-ausbildung,custom_career_page,monitoring,false,none,not_tested,,0,0,0,,2026-09-15T15:56:21.834528+00:00,verified company career page from Bavaria company audit
dafee1f904eb3d4a0fe7,Aktiv-Optik GmbH,aktivoptik.de,D2910V_HRB10418,Altötting,https://aktivoptik.de/karriere,custom_career_page,monitoring,false,none,not_tested,,0,0,0,,2026-09-15T15:56:21.834528+00:00,verified company career page from Bavaria company audit
754b1c58f366ab397b4a,Engelhardt GmbH,engelhardt.de,D3304V_HRB10781,Burgbernheim,https://engelhardt.de/karriere,custom_career_page,monitoring,false,none,not_tested,,0,0,0,,2026-09-15T15:56:21.834528+00:00,verified company career page from Bavaria company audit
64c18275624fc561b24f,Faulhaber GmbH,www.faulhaber.com,D5701V_HRB812,Adelschlag,https://www.faulhaber.com/de/karriere/,custom_career_page,monitoring,false,none,not_tested,,0,0,0,,2026-09-15T15:56:21.834528+00:00,verified company career page from Bavaria company audit
80629c39fe5da4ad0969,Geiger GmbH,geiger.de,D2505V_HRB16112,Altenstadt/Iller,https://geiger.de/karriere/,custom_career_page,monitoring,false,none,not_tested,,0,0,0,,2026-09-15T15:56:21.834528+00:00,verified company career page from Bavaria company audit
b8bfe6eb82c98b3d0024,HKS GmbH,www.hks-kompensatoren.de,D4608V_HRB6795,Bad Königshofen im Grabfeld,https://hks-rostock-karriere.de/,custom_career_page,monitoring,false,none,not_tested,,0,0,0,,2026-09-15T15:56:21.834528+00:00,verified company career page from Bavaria company audit
5305043068ef2f226ee5,Kaindl GmbH,www.kaindl.de,D2601V_HRB53822,Breitbrunn a. Ammersee,https://www.kaindl.de/de/unternehmen/jobs,custom_career_page,monitoring,false,none,not_tested,,0,0,0,,2026-09-15T15:56:21.834528+00:00,verified company career page from Bavaria company audit
a0958b6c3abe2b85a4f9,Landlust GmbH,www.landlust.de,D2404V_HRB10261,Bad Birnbach,https://www.dmmverlag.de/stellenangebote,custom_career_page,no_structured_jobs,false,job listing link,job-link discovery + JSON-LD,200,3,0,0,,2026-09-15T15:55:51.996420+00:00,verified company career page from Bavaria company audit
21b0f980fba666135980,Neidl GmbH,neidl.de,D2505V_HRB12357,Bubesheim,https://neidl.de/stellenanzeigen/,custom_career_page,no_structured_jobs,false,job listing link,job-link discovery + JSON-LD,200,0,0,0,,2026-09-15T15:55:51.996420+00:00,verified company career page from Bavaria company audit
0bd72cf2997959afd0da,ProConcept GmbH,www.proconcept.de,D2505V_HRB10718,Buxheim,https://www.proconcept.de/jobs-karriere/,custom_career_page,monitoring,false,none,not_tested,,0,0,0,,2026-09-15T15:56:21.834528+00:00,verified company career page from Bavaria company audit
115dc9e0d45d7018ac52,Sauter GmbH,sauter.de,D2505V_HRB3004,"Buch, Ortsteil Obenhausen",https://sauter.de/karriere/,custom_career_page,no_structured_jobs,false,job listing link,job-link discovery + JSON-LD,200,1,0,0,,2026-09-15T15:55:51.996420+00:00,verified company career page from Bavaria company audit
a9d75fa55c35040d66d1,Schutt-Karl GmbH,www.schuttkarl.de,D3201V_HRB1192,"Burgsalach, Ortsteil Pfraunfeld",https://www.schuttkarl.de/jobs/,custom_career_page,no_structured_jobs,false,job listing link,job-link discovery + JSON-LD,200,3,0,0,,2026-09-15T15:55:51.996420+00:00,verified company career page from Bavaria company audit
72b47e26ff08b9c2b9b5,Werba Plast GmbH,werbaplast.com,D3304V_HRB10657,Buchschwabach,https://werbaplast.com/unternehmen/jobs/,custom_career_page,monitoring,false,none,not_tested,,0,0,0,,2026-09-15T15:56:21.834528+00:00,verified company career page from Bavaria company audit
759293d826205a740af9,Wolf - Haus GmbH,www.wolfhaus.de,D4608V_HRB3637,Burkardroth OT Gefäll,https://wolfsystem.de/karriere/stellenangebote.html,custom_career_page,no_structured_jobs,false,job listing link,job-link discovery + JSON-LD,200,0,0,0,,2026-09-15T15:55:51.996420+00:00,verified company career page from Bavaria company audit
cc7ec93473e84058b757,AH Computerbusiness GmbH,ahgmbh.de,D4608V_HRB2844,Elfershausen,https://ahgmbh.de/unternehmen/karriere,custom_career_page,monitoring,false,none,not_tested,,0,0,0,,2026-09-15T15:56:21.834528+00:00,verified company career page from Bavaria company audit
fa7f9881e9d368f7b258,APRITEC GmbH,www.apritec.de,D2910V_HRB14829,Bruckmühl OT Heufeld,https://www.apritec.de/ueber-uns#OffeneStellen,custom_career_page,monitoring,false,none,not_tested,,0,0,0,,2026-09-15T15:56:21.834528+00:00,verified company career page from Bavaria company audit
2f197f5b2cd4e86669d5,Antikwerk GmbH,antikwerk.com,D2505V_HRB12588,Breitenthal,https://antikwerk.com/jobs/,custom_career_page,no_structured_jobs,false,job listing link,job-link discovery + JSON-LD,200,1,0,0,,2026-09-15T15:55:51.996420+00:00,verified company career page from Bavaria company audit
f918a1c2a0bdc9f54954,Aviretta GmbH,aviretta.de,D2505V_HRB15609,"Ettringen, Landkreis Unterallgäu",https://aviretta.de/en#career,custom_career_page,no_structured_jobs,false,job listing link,job-link discovery + JSON-LD,200,0,0,0,,2026-09-15T15:55:51.996420+00:00,verified company career page from Bavaria company audit
9b45ed361921732a7cd2,BIV GmbH,www.biv.de,D2803V_HRB8019,Eging,https://www.biv.de/unternehmen/ausbildung-karriere/,custom_career_page,monitoring,false,none,not_tested,,0,0,0,,2026-09-15T15:56:21.834528+00:00,verified company career page from Bavaria company audit
77b8893f8ed600cb5cbc,Baur GmbH,www.baur.de,D2102V_HRB11097,Ederheim,https://jobs.baur-gruppe.com/de/,custom_career_page,no_structured_jobs,false,job listing link,job-link discovery + JSON-LD,200,5,0,0,,2026-09-15T15:55:51.996420+00:00,verified company career page from Bavaria company audit
8c1196685abbc01f88fc,Bindhammer GmbH,www.bindhammer.de,D2404V_HRB11181,Bayerbach,https://www.bindhammer.de/buero/#karriere,custom_career_page,monitoring,false,none,not_tested,,0,0,0,,2026-09-15T15:56:21.834528+00:00,verified company career page from Bavaria company audit
6d3b3c6a361a6dcef025,Boje Haustechnik GmbH,bojehaustechnik.de,D4708V_HRB12261,Dipbach,https://bojehaustechnik.de/karriere/,custom_career_page,monitoring,false,none,not_tested,,0,0,0,,2026-09-15T15:56:21.834528+00:00,verified company career page from Bavaria company audit
c6f6fa655a94e1d168dd,Discher GmbH,www.discher.de,D2505V_HRB10081,Deisenhausen,https://www.discher.de/stellenangebote,custom_career_page,no_structured_jobs,false,job listing link,job-link discovery + JSON-LD,200,0,0,0,,2026-09-15T15:55:51.996420+00:00,verified company career page from Bavaria company audit
7bb2cbad1b0e7e56235b,Eiblmeier GmbH,eiblmeier.de,D2404V_HRB3887,"Eichendorf, OT Aufhausen",https://eiblmeier.de/jobs/,custom_career_page,monitoring,false,none,not_tested,,0,0,0,,2026-09-15T15:56:21.834528+00:00,verified company career page from Bavaria company audit
758063af7abb3816e06a,Evoluce GmbH,evoluce.de,D2404V_HRB9154,Bayerbach b. Ergoldsbach,https://evoluce.de/karriere,custom_career_page,monitoring,false,none,not_tested,,0,0,0,,2026-09-15T15:56:21.834528+00:00,verified company career page from Bavaria company audit
b6f2c0db8cf51d989781,Heckel GmbH,heckel.de,D2102V_HRB15013,"Donauwörth, ST Schäfstall",https://heckel.de/de/karriere/,custom_career_page,monitoring,false,none,not_tested,,0,0,0,,2026-09-15T15:56:21.834528+00:00,verified company career page from Bavaria company audit
914703316ddbf4353b46,Klaus Meyer GmbH,klausmeyer.de,D3310V_HRB16765,Altdorf bei Nürnberg,https://klausmeyer.de/karriere,custom_career_page,monitoring,false,none,not_tested,,0,0,0,,2026-09-15T15:56:21.834528+00:00,verified company career page from Bavaria company audit
f11b16389f6542d48aaf,Lackermeier GmbH,www.lackermeier.de,D2404V_HRB1243,"Ergolding, Ortsteil Käufelkofen",https://www.lackermeier.de/jobs/,custom_career_page,no_structured_jobs,false,job listing link,job-link discovery + JSON-LD,200,7,0,0,,2026-09-15T15:55:51.996420+00:00,verified company career page from Bavaria company audit
69a23a652b558d1793da,Leitl GmbH,www.leitl.de,D2404V_HRB4228,"Eggenfelden, Ortsteil Peterskirchen",https://www.leitl.de/kontakt/stellenangebote-arbeiten-bei-leitl/,custom_career_page,no_structured_jobs,false,job listing link,job-link discovery + JSON-LD,200,0,0,0,,2026-09-15T15:55:51.996420+00:00,verified company career page from Bavaria company audit
b1d11e4bac1fb871e193,MIPA SE,www.mipa-paints.com,D2404V_HRB9854,"Essenbach, Bundesrepublik Deutschland",https://www.mipa-paints.com/karriere/direkteinstieg/,custom_career_page,no_structured_jobs,false,job listing link,job-link discovery + JSON-LD,200,0,0,0,,2026-09-15T15:55:51.996420+00:00,verified company career page from Bavaria company audit
ef815a0b2532ccf4c8df,Management Trust GmbH,managementtrust.com,D2601V_HRB132611,Ebenhausen,https://managementtrust.com/join-our-team/,custom_career_page,monitoring,false,none,not_tested,,0,0,0,,2026-09-15T15:56:21.834528+00:00,verified company career page from Bavaria company audit
778d0530c8f34bdc0605,POLYTAN GmbH,www.polytan.com,D5701V_HRB100406,Burgheim,https://www.polytan.com/de/karriere,custom_career_page,no_structured_jobs,false,job listing link,job-link discovery + JSON-LD,200,0,0,0,,2026-09-15T15:55:51.996420+00:00,verified company career page from Bavaria company audit
e6dc222d1d99360e7ac3,Poloplast GmbH,www.poloplast.com,D2304V_HRB7281,"Ebenhofen, Gemeinde Biessenhofen",https://www.poloplast.com/karriere/,custom_career_page,monitoring,false,none,not_tested,,0,0,0,,2026-09-15T15:56:21.834528+00:00,verified company career page from Bavaria company audit
ceaa0162fe7273f1ac35,Sinus GmbH,sinus.de,D3310V_HRB19421,"Dietfurt, OT Töging",https://sinus.de/de/karriere/,custom_career_page,no_structured_jobs,false,job listing link,job-link discovery + JSON-LD,200,3,0,0,,2026-09-15T15:55:51.996420+00:00,verified company career page from Bavaria company audit
f98c706ab2416f8486d5,Spanndecken Bamberger GmbH,www.spanndecken-bamberger.de,D4201V_HRB8402,Bundorf,https://www.spanndecken-bamberger.de,custom_career_page,no_structured_jobs,false,job listing link,job-link discovery + JSON-LD,200,1,0,0,,2026-09-15T15:55:51.996420+00:00,verified company career page from Bavaria company audit
2b14df8c12aa831ae4db,Streicher GmbH,www.streicher.de,D5701V_HRB101136,Aresing,https://www.streicher-perspektiven.de/,custom_career_page,no_structured_jobs,false,job listing link,job-link discovery + JSON-LD,200,0,0,0,,2026-09-15T15:55:51.996420+00:00,verified company career page from Bavaria company audit
e184de12feb27ed895a5,Stuhl GmbH,stuhl.com,D4608V_HRB2979,Bischofsheim a.d.Rhön,https://stuhl.com/jobs/,custom_career_page,no_structured_jobs,false,job listing link,job-link discovery + JSON-LD,200,1,0,0,,2026-09-15T15:55:51.996420+00:00,verified company career page from Bavaria company audit
58f00ae309453553c240,TDT AG,tdt.de,D2404V_HRB10891,"Essenbach, Ortsteil Altheim",https://tdt.de/de/unternehmen/karriere/,custom_career_page,monitoring,false,none,not_tested,,0,0,0,,2026-09-15T15:56:21.834528+00:00,verified company career page from Bavaria company audit
594a5a955c9d16c59407,Truck-Wash GmbH,www.truckwash.de,D2505V_HRB12200,Benningen,https://www.truckwash.de/firma/karriere/,custom_career_page,monitoring,false,none,not_tested,,0,0,0,,2026-09-15T15:56:21.834528+00:00,verified company career page from Bavaria company audit
1cc06e62b85e3c822b95,Wagner & Wagner GmbH,www.wagnerwagner.de,D4608V_HRB3019,"Dittelbrunn, Orteil Hambach",https://www.wagnerwagner.de/jobs,custom_career_page,ingestion_ready,true,job listing link,job-link discovery + JSON-LD,200,1,1,1,,2026-09-15T15:55:51.996420+00:00,verified company career page from Bavaria company audit
66cab3589a86e1f93ec1,Wefa GmbH,wefa.com,D4401V_HRB2639,Ahorn,https://wefa.com/karriere/,custom_career_page,no_structured_jobs,false,job listing link,job-link discovery + JSON-LD,200,2,0,0,,2026-09-15T15:55:51.996420+00:00,verified company career page from Bavaria company audit
d8480da95aa4a538b285,Weidinger GmbH,weidinger.com,D3310V_HRB7351,"Deining, OT Großalfalterbach",https://weidinger.com/jobs,custom_career_page,monitoring,false,none,not_tested,,0,0,0,,2026-09-15T15:56:21.834528+00:00,verified company career page from Bavaria company audit
bc52b83bfa792bcb9585,Weise GmbH,www.weise.de,D2601V_HRB95077,"Egenhofen, Ortsteil Aufkirchen",https://www.weise.de/k/karriere/karriere-bei-weise/,custom_career_page,monitoring,false,none,not_tested,,0,0,0,,2026-09-15T15:56:21.834528+00:00,verified company career page from Bavaria company audit
5ccd38f464dc730d1f5c,energypoint GmbH,energypoint.de,D4608V_HRB4750,Dittelbrunn-Holzhausen,https://energypoint.de/karriere/,custom_career_page,monitoring,false,none,not_tested,,0,0,0,,2026-09-15T15:56:21.834528+00:00,verified company career page from Bavaria company audit
f3ffd149e916b91f8724,movemus GmbH,movemus.de,D2102V_HRB17968,EgIing-Heinrichshofen,https://movemus.de/kontakt/stellenangebote.html,custom_career_page,no_structured_jobs,false,job listing link,job-link discovery + JSON-LD,200,0,0,0,,2026-09-15T15:55:51.996420+00:00,verified company career page from Bavaria company audit
078d2fbdf2518b08970d,ADLERHAUS GmbH,adlerhaus.de,D4401V_HRB2298,Nordhalben,https://adlerhaus.de/jobs.html,custom_career_page,monitoring,false,none,not_tested,,0,0,0,,2026-09-15T15:56:21.834528+00:00,verified company career page from Bavaria company audit
234e90da01b26355953c,ALTO GmbH,www.alto.de,D2404V_HRB10012,Mengkofen,https://www.alto.de/agentur/karriere#c1727,custom_career_page,monitoring,false,none,not_tested,,0,0,0,,2026-09-15T15:56:21.834528+00:00,verified company career page from Bavaria company audit
2d643ca55d28695714f3,Agrobs GmbH,www.agrobs.de,D2601V_HRB105005,"Münsing, Ortsteil Degerndorf",https://www.agrobs.de/de/ueber-uns/karriere/,custom_career_page,monitoring,false,none,not_tested,,0,0,0,,2026-09-15T15:56:21.834528+00:00,verified company career page from Bavaria company audit
c518cb6ed3e9612a03f2,Aichele GmbH,aichele.de,D2601V_HRB107853,Erdweg,https://aichele.de/karriere/,custom_career_page,monitoring,false,none,not_tested,,0,0,0,,2026-09-15T15:56:21.834528+00:00,verified company career page from Bavaria company audit
0c0f632b6a009e1a20ad,Air Independence GmbH,www.airindependence.com,D2601V_HRB112965,München-Flughafen,https://www.airindependence.com/karriere,custom_career_page,no_structured_jobs,false,job listing link,job-link discovery + JSON-LD,200,3,0,0,,2026-09-15T15:55:51.996420+00:00,verified company career page from Bavaria company audit
6f38c3e062028c95e953,Auto - Kofler GmbH,auto-kofler.de,D3304V_HRB1351,Markt Eckental,https://auto-kofler.de/jobs/,custom_career_page,no_structured_jobs,false,job listing link,job-link discovery + JSON-LD,200,2,0,0,,2026-09-15T15:55:51.996420+00:00,verified company career page from Bavaria company audit
93ab3a2cc293599a8304,Auto-Kraus GmbH,autokraus.de,D2102V_HRB11777,"Oberndorf, OT Eggelstetten",https://autokraus.de/karriere/,custom_career_page,monitoring,false,none,not_tested,,0,0,0,,2026-09-15T15:56:21.834528+00:00,verified company career page from Bavaria company audit
35f41728ccd1cc5a3766,Auto-Schmid GmbH,www.autoschmid.com,D2601V_HRB59776,Hirnkirchen,https://www.autoschmid.com/karriere/,custom_career_page,monitoring,false,none,not_tested,,0,0,0,,2026-09-15T15:56:21.834528+00:00,verified company career page from Bavaria company audit
645348290292233920d4,Autohaus Berger GmbH,www.autohausberger.com,D2803V_HRB2721,"Pirka, Marktgemeinde Hofkirchen",https://www.autohausberger.com/jobs,custom_career_page,no_structured_jobs,false,job listing link,job-link discovery + JSON-LD,200,4,0,0,,2026-09-15T15:55:51.996420+00:00,verified company career page from Bavaria company audit
091cb748c0eed8b66b8a,BAUER GmbH,www.bauer.de,D2102V_HRB15358,Blindheim,https://www.bauer.de/de/karriere-bei-bauer,custom_career_page,no_structured_jobs,false,job listing link,job-link discovery + JSON-LD,200,0,0,0,,2026-09-15T15:55:51.996420+00:00,verified company career page from Bavaria company audit
1a4881bc2f65c927ca76,BRANOfilter GmbH,www.branofilter.de,D3201V_HRB1173,Dietenhofen,https://www.branofilter.de/karriere/,custom_career_page,monitoring,false,none,not_tested,,0,0,0,,2026-09-15T15:56:21.834528+00:00,verified company career page from Bavaria company audit
dbcaacf27da716143204,Bauwerk GmbH,www.bauwerk.de,D2304V_HRB10234,Nonnenhorn,https://www.bauwerk.de/karriere.html,custom_career_page,no_structured_jobs,false,job listing link,job-link discovery + JSON-LD,200,0,0,0,,2026-09-15T15:55:51.996420+00:00,verified company career page from Bavaria company audit
8cadb81e1df4f9f54adc,Bayerwald Media GmbH,bayerwaldmedia.de,D3410V_HRB10845,Pemfling,https://bayerwaldmedia.de/kategorie/stellenangebote/,custom_career_page,no_structured_jobs,false,job listing link,job-link discovery + JSON-LD,200,5,0,0,,2026-09-15T15:55:51.996420+00:00,verified company career page from Bavaria company audit
9c29c55515341b86ed40,Besl GmbH,www.arbeitsbuehnen-besl.de,D2404V_HRB3326,"Hohenthann, Ortsteil Schmatzhausen",https://www.arbeitsbuehnen-besl.de/service/baustellenbesichtigung,custom_career_page,monitoring,false,none,not_tested,,0,0,0,,2026-09-15T15:56:21.834528+00:00,verified company career page from Bavaria company audit
756da0be8a6420be49f4,Brand GmbH,www.brand.de,D4608V_HRB2472,Euerdorf,https://group.brand.de/ueber-uns/ueber-uns,custom_career_page,no_structured_jobs,false,job listing link,job-link discovery + JSON-LD,200,7,0,0,,2026-09-15T15:55:51.996420+00:00,verified company career page from Bavaria company audit
ad6db1f2c02e42b9c82e,BrauKon GmbH,braukon.de,D2910V_HRB15180,Seeon-Seebruck OT Seeon,https://braukon.de/karriere/,custom_career_page,no_structured_jobs,false,job listing link,job-link discovery + JSON-LD,200,0,0,0,,2026-09-15T15:55:51.996420+00:00,verified company career page from Bavaria company audit
5ec799d6e6e901aefdd9,Burger GmbH,www.burger.de,D2304V_HRB4137,Rettenberg - Ortsteil Kranzegg,https://www.burger.de/karriere,custom_career_page,ingestion_ready,true,structured JobPosting,JSON-LD,200,3,1,1,,2026-09-15T15:55:51.996420+00:00,verified company career page from Bavaria company audit
c34682c990a13bb43737,CAD-Partner GmbH,www.cadpartner.de,D3410V_HRB7083,"Nittendorf, Ortsteil Undorf",https://www.cadpartner.de/unternehmen/karriere,custom_career_page,monitoring,false,none,not_tested,,0,0,0,,2026-09-15T15:56:21.834528+00:00,verified company career page from Bavaria company audit
9aeb49219ce3b24e898d,CADdent GmbH,caddent.de,D2102V_HRB8027,Neusäß-Westheim,https://caddent.de/de/ueber-uns/karriere,custom_career_page,monitoring,false,none,not_tested,,0,0,0,,2026-09-15T15:56:21.834528+00:00,verified company career page from Bavaria company audit
0055d09d1b975e56769e,CAMdata GmbH,camdata.de,D2102V_HRB11996,Schmiechen,https://camdata.de/schwachstellenscanner/,custom_career_page,monitoring,false,none,not_tested,,0,0,0,,2026-09-15T15:56:21.834528+00:00,verified company career page from Bavaria company audit
5539cc7812f36e63fe38,E-Tech Elektro GmbH,www.etechelektro.com,D2910V_HRB10471,Seeon,https://www.etechelektro.com/karriere/,custom_career_page,monitoring,false,none,not_tested,,0,0,0,,2026-09-15T15:56:21.834528+00:00,verified company career page from Bavaria company audit
52bee0eefe72aea6a4ce,EB GmbH,www.eb.de,D2601V_HRB168625,Ödenpullach,https://karriere.eb.de/,custom_career_page,monitoring,false,none,not_tested,,0,0,0,,2026-09-15T15:56:21.834528+00:00,verified company career page from Bavaria company audit
e6e67dff33758597b88a,Elektro Kohl GmbH,elektrokohl.de,D2601V_HRB71173,"Oberhaching,Ortteil Furth",https://elektrokohl.de/karriere/,custom_career_page,monitoring,false,none,not_tested,,0,0,0,,2026-09-15T15:56:21.834528+00:00,verified company career page from Bavaria company audit
3895a47921b0932e5397,Elektro Riedl GmbH,elektroriedl.de,D2601V_HRB155581,"Olching, Ortsteil Esting",https://elektroriedl.de/karriere/,custom_career_page,monitoring,false,none,not_tested,,0,0,0,,2026-09-15T15:56:21.834528+00:00,verified company career page from Bavaria company audit
7df9c85084603c8f7a28,Elektro-Graß GmbH,www.elektro-grass.de,D4301V_HRB3182,Presseck OT Wartenfels,https://www.elektro-grass.de/karriere,custom_career_page,monitoring,false,none,not_tested,,0,0,0,,2026-09-15T15:56:21.834528+00:00,verified company career page from Bavaria company audit
efb3f53aabb87bd44c6a,Elektrotechnik Wild GmbH,elektrotechnikwild.de,D3410V_HRB12108,Mintraching (OT Rosenhof),https://elektrotechnikwild.de/Jobs,custom_career_page,no_structured_jobs,false,job listing link,job-link discovery + JSON-LD,200,2,0,0,,2026-09-15T15:55:51.996420+00:00,verified company career page from Bavaria company audit
0b98fc78257ed6442235,F.EE GmbH,www.fee.de,D3101V_HRB1290,Neunburg,https://www.fee.de/karriere,custom_career_page,no_structured_jobs,false,job listing link,job-link discovery + JSON-LD,200,4,0,0,,2026-09-15T15:55:51.996420+00:00,verified company career page from Bavaria company audit
76788491d1840e86c1ee,Fattoria La Vialla GmbH,www.lavialla.com,D3101V_HRB2296,"Maxhütte-Haidhof,Ortsteil Leonberg",https://www.lavialla.com/de-DE/auf-der-fattoria/nachrichten-von-der-fattoria/40-j%C3%A4hrige-karriere-wir-haben-die-alte-%C3%B6lm%C3%BChle-von-la-lignana-wieder-ge%C3%B6ffnet/,custom_career_page,monitoring,false,none,not_tested,,0,0,0,,2026-09-15T15:56:21.834528+00:00,verified company career page from Bavaria company audit
15a22c94196ce72fb9ce,Feicht GmbH,feicht.de,D2404V_HRB10260,Dietersburg,https://feicht.de/karriere-und-ausbildung/,custom_career_page,monitoring,false,none,not_tested,,0,0,0,,2026-09-15T15:56:21.834528+00:00,verified company career page from Bavaria company audit
c7819378143dea151061,Fischer + Co. GmbH,www.fischerco.de,D2910V_HRB10125,Haag i. OB.,https://www.fischerco.de/kopie-von-karriere-mietverwaltung,custom_career_page,monitoring,false,none,not_tested,,0,0,0,,2026-09-15T15:56:21.834528+00:00,verified company career page from Bavaria company audit
07cee92c4c1e80c85001,Fischer Bau GmbH,fischerbau.de,D2803V_HRB6481,Schöfweg,https://fischerbau.de/karriere/,custom_career_page,monitoring,false,none,not_tested,,0,0,0,,2026-09-15T15:56:21.834528+00:00,verified company career page from Bavaria company audit
cf35719fc199e7807719,Fitzek Metallbau GmbH,fitzekmetallbau.de,D5701V_HRB1633,Kipfenberg OT Grösdorf,https://www.fitzekmetallbau.de,custom_career_page,monitoring,false,none,not_tested,,0,0,0,,2026-09-15T15:56:21.834528+00:00,verified company career page from Bavaria company audit
6d2a359470fc864588e5,Frey GmbH,frey.de,D2505V_HRB10310,Dirlewang,https://frey.de/karriere/,custom_career_page,monitoring,false,none,not_tested,,0,0,0,,2026-09-15T15:56:21.834528+00:00,verified company career page from Bavaria company audit
6a2eda4e10f8b59214ab,GTM GmbH,www.gtm.de,D2102V_HRB10776,Hurlach,https://www.gtm.de/karriere/,custom_career_page,monitoring,false,none,not_tested,,0,0,0,,2026-09-15T15:56:21.834528+00:00,verified company career page from Bavaria company audit
c4511589add669318101,GaB GmbH,gab.com,D2201V_HRB4775,Kirchberg im Wald,https://gab.com/careers,custom_career_page,monitoring,false,none,not_tested,,0,0,0,,2026-09-15T15:56:21.834528+00:00,verified company career page from Bavaria company audit
cf49a9e9d3ce3c30c0bc,Gasser GmbH,www.gasser.de,D2910V_HRB10301,Schechen OT Pfaffenhofen a. Inn,https://www.gasser.de/jobs,custom_career_page,monitoring,false,none,not_tested,,0,0,0,,2026-09-15T15:56:21.834528+00:00,verified company career page from Bavaria company audit
419fdb585a9f3cb52517,Geli GmbH,geli.de,D4102V_HRB621,Alzenau-Michelbach,https://geli.de/jobs/,custom_career_page,no_structured_jobs,false,job listing link,job-link discovery + JSON-LD,200,2,0,0,,2026-09-15T15:55:51.996420+00:00,verified company career page from Bavaria company audit
b89793eed2a68da929c9,Gerstlauer GmbH,gerstlauer.com,D2505V_HRB12291,"Roggenburg, Ortsteil Biberach",https://gerstlauer.com/karriere/,custom_career_page,monitoring,false,none,not_tested,,0,0,0,,2026-09-15T15:56:21.834528+00:00,verified company career page from Bavaria company audit
083f9f9b214aac30ed94,Gleich GmbH,gleich.de,D2505V_HRB12496,"Mindelheim, OT Mindelau",https://gleich.de/de/unternehmen/karriere/,custom_career_page,monitoring,false,none,not_tested,,0,0,0,,2026-09-15T15:56:21.834528+00:00,verified company career page from Bavaria company audit
14908c681056cf78a776,H. Binner GmbH,www.hbinner.de,D4708V_HRB8311,Karlstadt OT Wiesenfeld,https://www.hbinner.de/karriere,custom_career_page,monitoring,false,none,not_tested,,0,0,0,,2026-09-15T15:56:21.834528+00:00,verified company career page from Bavaria company audit
1ab4b79a2ed6fbac7faa,HATEC GmbH,hatec.de,D3413V_HRB10797,"Geiselhöring, Ortsteil Pönning",https://hatec.de/index.php/unternehmen/job-und-karriere,custom_career_page,monitoring,false,none,not_tested,,0,0,0,,2026-09-15T15:56:21.834528+00:00,verified company career page from Bavaria company audit
febafc4baf43d1ada51c,HD Wahl GmbH,hdwahl.de,D2505V_HRB10267,Jettingen-Scheppach,https://hdwahl.de/de/unternehmen/karriere,custom_career_page,no_structured_jobs,false,job listing link,job-link discovery + JSON-LD,200,0,0,0,,2026-09-15T15:55:51.996420+00:00,verified company career page from Bavaria company audit
c023b085565962c75f1e,Haimer GmbH,www.haimer.com,D2102V_HRB8679,Hollenbach-Igenhausen,https://www.haimer.com/de/karriere,custom_career_page,monitoring,false,none,not_tested,,0,0,0,,2026-09-15T15:56:21.834528+00:00,verified company career page from Bavaria company audit
1b7a117c70e273fb50e0,Huprich GmbH,huprich.de,D3201V_HRB912,Ohrenbach - Habelsee,https://huprich.de/jobs-transportunternehmen/,custom_career_page,monitoring,false,none,not_tested,,0,0,0,,2026-09-15T15:56:21.835536+00:00,verified company career page from Bavaria company audit
8131c7e7090fbc298ac2,INUWAT AG,inuwat.de,D4301V_HRB5549,Kasendorf/OT Krumme Fohre,https://inuwat.de,custom_career_page,monitoring,false,none,not_tested,,0,0,0,,2026-09-15T15:56:21.835536+00:00,verified company career page from Bavaria company audit
57477581fab6b137b9ab,K & W Erdbau GmbH,kwerdbau.de,D4608V_HRB2983,Riedenberg,https://kwerdbau.de/jobs,custom_career_page,no_structured_jobs,false,job listing link,job-link discovery + JSON-LD,200,4,0,0,,2026-09-15T15:55:51.996420+00:00,verified company career page from Bavaria company audit
afeb565611ec7bb84199,Kessel GmbH,www.kessel.de,D3410V_HRB7104,"Laaber, Ortsteil Brunn",https://www.kessel.de/unternehmen/jobs-und-karriere,custom_career_page,monitoring,false,none,not_tested,,0,0,0,,2026-09-15T15:56:21.835536+00:00,verified company career page from Bavaria company audit
17481bccdccf21611746,Korn GmbH,www.musikhaus-korn.de,D4201V_HRB3319,Burgpreppach,https://www.musikhaus-korn.de/de/infocenter/karriere,custom_career_page,monitoring,false,none,not_tested,,0,0,0,,2026-09-15T15:56:21.835536+00:00,verified company career page from Bavaria company audit
3d4e32bafb800641a852,Krempl GmbH,www.krempl.de,D2601V_HRB107114,Riemerling,https://www.krempl.de/bestellen-ueber-whatsapp/,custom_career_page,monitoring,false,none,not_tested,,0,0,0,,2026-09-15T15:56:21.835536+00:00,verified company career page from Bavaria company audit
869d2c370afd2d3d3122,Kufer GmbH,www.kufer.de,D2601V_HRB103275,Hörgertshausen,https://www.kufer.de/karriere/uebersicht,custom_career_page,no_structured_jobs,false,job listing link,job-link discovery + JSON-LD,200,0,0,0,,2026-09-15T15:55:51.996420+00:00,verified company career page from Bavaria company audit
8dfa9678f0ac224f7af8,Langguth GmbH,www.langguth.com,D2102V_HRB11906,Kutzenhausen OT Rommelsried,https://www.langguth.com/karriere/,custom_career_page,no_structured_jobs,false,job listing link,job-link discovery + JSON-LD,200,5,0,0,,2026-09-15T15:55:51.996420+00:00,verified company career page from Bavaria company audit
0d99f2aaefe4589687e4,Lessmann GmbH,lessmann.com,D2102V_HRB10992,Oettingen,https://lessmann.com/karriere/,custom_career_page,monitoring,false,none,not_tested,,0,0,0,,2026-09-15T15:56:21.835536+00:00,verified company career page from Bavaria company audit
4f87a73d6b69564bd203,Lindner-Bau GmbH,lindnerbau.de,D4301V_HRB618,Ködnitz Ortsteil von Trebgast,https://lindnerbau.de/karriere/,custom_career_page,monitoring,false,none,not_tested,,0,0,0,,2026-09-15T15:56:21.835536+00:00,verified company career page from Bavaria company audit
2e3b698137923a0977b1,Music-Center Trockau GmbH,www.mctrockau.de,D4301V_HRB3411,Pegnitz OT Trockau,https://www.mctrockau.de/jobs,custom_career_page,monitoring,false,none,not_tested,,0,0,0,,2026-09-15T15:56:21.835536+00:00,verified company career page from Bavaria company audit
282edd460f52d1d0377b,Möhler GmbH,immobilien-mohler.de,D4608V_HRB1597,Kolitzheim,https://immobilien-mohler.de/karriere,custom_career_page,monitoring,false,none,not_tested,,0,0,0,,2026-09-15T15:56:21.835536+00:00,verified company career page from Bavaria company audit
c96fe59857080c6b4398,N + M GmbH,www.neumannmueller.com,D4608V_HRB4534,"Schonungen, GT Löffelsterz",https://www.neumannmueller.com/karriere/,custom_career_page,monitoring,false,none,not_tested,,0,0,0,,2026-09-15T15:56:21.835536+00:00,verified company career page from Bavaria company audit
7dc3a62979815cd9d988,NAPOS GmbH,www.napos.de,D4301V_HRB1453,Marktschorgast,https://www.napos.de/jobs/,custom_career_page,no_structured_jobs,false,job listing link,job-link discovery + JSON-LD,200,0,0,0,,2026-09-15T15:55:51.996420+00:00,verified company career page from Bavaria company audit
9e22800dd8ecc973a797,Nachlinger GmbH,nachlinger.de,D2201V_HRB1578,Stephansposching,https://nachlinger.de/jobs/,custom_career_page,no_structured_jobs,false,job listing link,job-link discovery + JSON-LD,200,0,0,0,,2026-09-15T15:55:51.996420+00:00,verified company career page from Bavaria company audit
693c21e1f0cbf6079393,Ortloff GmbH,www.ortloff.de,D4608V_HRB2224,Hohenroth,https://www.ortloff.de/jobs-karriere-cms-jobs.karriere,custom_career_page,monitoring,false,none,not_tested,,0,0,0,,2026-09-15T15:56:21.835536+00:00,verified company career page from Bavaria company audit
aeccf11f59a955fdfeec,Panorama GmbH,panorama.com,D2304V_HRB1571,Scheidegg/Allgäu,https://panorama.com/careers/,custom_career_page,monitoring,false,none,not_tested,,0,0,0,,2026-09-15T15:56:21.835536+00:00,verified company career page from Bavaria company audit
da36de1fdd8ded674e47,Planer GmbH,planer.com,D3201V_HRB3448,Ettenstatt,https://planer.com/company/careers.html,custom_career_page,monitoring,false,none,not_tested,,0,0,0,,2026-09-15T15:56:21.835536+00:00,verified company career page from Bavaria company audit
fb0f348a3e62a1fb95aa,Quadrausch GmbH,quadrausch.de,D2304V_HRB6070,Krugzell,https://quadrausch.de/jobs/,custom_career_page,no_structured_jobs,false,job listing link,job-link discovery + JSON-LD,200,1,0,0,,2026-09-15T15:55:51.996420+00:00,verified company career page from Bavaria company audit
b63755996b4933958b97,Rachinger GmbH,www.rachinger.de,D3201V_HRB1545,Pfofeld,https://www.rachinger.de/ueber-uns/karriere/,custom_career_page,monitoring,false,none,not_tested,,0,0,0,,2026-09-15T15:56:21.835536+00:00,verified company career page from Bavaria company audit
5bcbd88865d7c01eb3a0,Rainbowprint GmbH,www.rainbowprint.de,D4708V_HRB10297,Retzbach-Zellingen,https://www.rainbowprint.de/?websale8=druckerei-ganz&tpl=error%2fws_301_redirect.htm,custom_career_page,monitoring,false,none,not_tested,,0,0,0,,2026-09-15T15:56:21.835536+00:00,verified company career page from Bavaria company audit
a7038bd26bf63e9b8afc,Rainer Dengler GmbH,heizung-dengler.de,D3201V_HRB5205,Pappenheim OT Neudorf,https://heizung-dengler.de/jobs/,custom_career_page,no_structured_jobs,false,job listing link,job-link discovery + JSON-LD,200,0,0,0,,2026-09-15T15:55:51.996420+00:00,verified company career page from Bavaria company audit
7bbb49ab081e50f0af2e,Rauh GmbH,rauh.de,D2505V_HRB8735,Memmingen-Steinheim,https://rauh.de/ueber-uns/jobs,custom_career_page,no_structured_jobs,false,job listing link,job-link discovery + JSON-LD,200,0,0,0,,2026-09-15T15:55:51.996420+00:00,verified company career page from Bavaria company audit
c2cc974fac6e121d2456,Reifen Draws GmbH,www.altreifenentsorgung.de,D2102V_HRB13543,Schwenningen,https://www.altreifenentsorgung.de/jobs-karriere/,custom_career_page,monitoring,false,none,not_tested,,0,0,0,,2026-09-15T15:56:21.835536+00:00,verified company career page from Bavaria company audit
0b6f434503410ed63c8f,Rothbauer GmbH,www.rothbauer.com,D2601V_HRB112047,"Kirchseeon, Orstteil Eglharting",https://www.rothbauer.com,custom_career_page,no_structured_jobs,false,job listing link,job-link discovery + JSON-LD,200,2,0,0,,2026-09-15T15:55:51.996420+00:00,verified company career page from Bavaria company audit
3d2e9454f7c47f43fe93,Rovita GmbH,www.rovita.de,D2910V_HRB12245,Engelsberg,https://www.rovita.de/karriere/,custom_career_page,no_structured_jobs,false,job listing link,job-link discovery + JSON-LD,200,3,0,0,,2026-09-15T15:55:51.996420+00:00,verified company career page from Bavaria company audit
47f414db5873f1fccb5c,Rudolf GmbH,rudolf.com,D2102V_HRB12649,Oberndorf a. Lech,https://rudolf.com/de/jobs,custom_career_page,monitoring,false,none,not_tested,,0,0,0,,2026-09-15T15:56:21.835536+00:00,verified company career page from Bavaria company audit
0c0c44ae0d0006e385a5,S & D CAR Transport GmbH,sdcartransport.de,D2803V_HRB6656,"Manzing, Gde. Waldkirchen",https://sdcartransport.de/jobs/,custom_career_page,no_structured_jobs,false,job listing link,job-link discovery + JSON-LD,200,1,0,0,,2026-09-15T15:55:51.996420+00:00,verified company career page from Bavaria company audit
9b0b437f4669d07e68c2,SALVEO GmbH,www.salveo.de,D4708V_HRB11922,Schwarzach/Main,https://www.salveo.de/jobs/,custom_career_page,no_structured_jobs,false,job listing link,job-link discovery + JSON-LD,200,1,0,0,,2026-09-15T15:55:51.996420+00:00,verified company career page from Bavaria company audit
042e0fd84bb90d0d37d7,SCHEURICH GmbH,www.scheurich.de,D4102V_HRB296,Kleinheubach am Main,https://www.scheurich.de/karriere,custom_career_page,monitoring,false,none,not_tested,,0,0,0,,2026-09-15T15:56:21.835536+00:00,verified company career page from Bavaria company audit
33cd54ca31e53433b307,Schleich GmbH,www.schleich.com,D2102V_HRB11270,Diessen a.A.,https://www.schleich.com/karriere/,custom_career_page,no_structured_jobs,false,job listing link,job-link discovery + JSON-LD,200,0,0,0,,2026-09-15T15:55:51.996420+00:00,verified company career page from Bavaria company audit
8a4c047f86dc34e9150f,Schratt 1803 GmbH,schratt-1803.de,D2304V_HRB1146,Oberstdorf/Allg.,https://schratt-1803.de/karriere/,custom_career_page,no_structured_jobs,false,job listing link,job-link discovery + JSON-LD,200,1,0,0,,2026-09-15T15:55:51.996420+00:00,verified company career page from Bavaria company audit
411b401fc9327b218784,Schreinerei Vogl GmbH,schreinereivogl.de,D2803V_HRB6012,"Sammarei, Gemeinde Ortenburg",https://schreinereivogl.de/jobs.html,custom_career_page,monitoring,false,none,not_tested,,0,0,0,,2026-09-15T15:56:21.835536+00:00,verified company career page from Bavaria company audit
1a34a6b44fdf446754ab,Seebacher GmbH,www.seebacher.de,D2601V_HRB101518,"Gmund, Ortsteil Ostin",https://www.seebacher.de/firma/jobs/,custom_career_page,no_structured_jobs,false,job listing link,job-link discovery + JSON-LD,200,5,0,0,,2026-09-15T15:55:51.996420+00:00,verified company career page from Bavaria company audit
b29f08944e27bf24e506,Serracon GmbH,www.serracon.de,D2601V_HRB142281,"Schaftlach, Gde. Waakirchen",https://www.serracon.de/jobs.html,custom_career_page,monitoring,false,none,not_tested,,0,0,0,,2026-09-15T15:56:21.835536+00:00,verified company career page from Bavaria company audit
b03c2320c54cf245892e,Singer-Bau GmbH,www.singerbau.at,D3101V_HRB2750,Ensdorf,https://www.singerbau.at/karriere/,custom_career_page,monitoring,false,none,not_tested,,0,0,0,,2026-09-15T15:56:21.835536+00:00,verified company career page from Bavaria company audit
e1ef7c8e82cf0283c930,Slosorz GmbH,www.slosorz.de,D4201V_HRB216,Buttenheim,https://www.slosorz.de/stellenangebote,custom_career_page,no_structured_jobs,false,job listing link,job-link discovery + JSON-LD,200,0,0,0,,2026-09-15T15:55:51.996420+00:00,verified company career page from Bavaria company audit
bc334954bd5fd4faf5eb,Spedition Baumgärtner GmbH,www.speditionbaumgartner.de,D4102V_HRB10114,Klingenberg,https://www.speditionbaumgartner.de/stellenangebote,custom_career_page,no_structured_jobs,false,job listing link,job-link discovery + JSON-LD,200,0,0,0,,2026-09-15T15:55:51.996420+00:00,verified company career page from Bavaria company audit
51cb14dd12a0e772ca5e,Steinert IT GmbH,www.steinert.it,D4102V_HRB10398,Eschau,https://www.steinert.it/karriere,custom_career_page,monitoring,false,none,not_tested,,0,0,0,,2026-09-15T15:56:21.835536+00:00,verified company career page from Bavaria company audit
4946561e164b1a2b3f82,Stumbaum GmbH,stumbaum.de,D2601V_HRB105093,Schöngeising,https://stumbaum.de/pages/karriere,custom_career_page,monitoring,false,none,not_tested,,0,0,0,,2026-09-15T15:56:21.835536+00:00,verified company career page from Bavaria company audit
5847dfb4b1c9a85971ee,TATONKA GmbH,www.tatonka.com,D2102V_HRB10883,Dasing,https://www.tatonka.com/de/tatonka/stellenangebote-ausbildung/,custom_career_page,no_structured_jobs,false,job listing link,job-link discovery + JSON-LD,200,0,0,0,,2026-09-15T15:55:51.996420+00:00,verified company career page from Bavaria company audit
81fa867df168ad35198e,TEA-Therm GmbH,teatherm.de,D3201V_HRB4939,Markt Bechhofen,https://teatherm.de/karriere/,custom_career_page,ingestion_ready,true,job listing link,job-link discovery + JSON-LD,200,3,3,3,,2026-09-15T15:55:51.996420+00:00,verified company career page from Bavaria company audit
47f847f9647fe5123b7c,TIGRA GmbH,www.tigra.com,D2102V_HRB8474,Oberndorf am Lech,https://www.tigra.com/de/unternehmen/karriere,custom_career_page,monitoring,false,none,not_tested,,0,0,0,,2026-09-15T15:56:21.835536+00:00,verified company career page from Bavaria company audit
dc60792a9839f5c41757,Urotech GmbH,www.urovision-urotech.de,D2910V_HRB12518,Rohrdorf OT Achenmühle,https://www.urovision-urotech.de/unternehmen/karriere/,custom_career_page,no_structured_jobs,false,job listing link,job-link discovery + JSON-LD,200,0,0,0,,2026-09-15T15:55:51.996420+00:00,verified company career page from Bavaria company audit
8ad5bc6b131dbc55e6b6,Verotec GmbH,www.verotec.de,D2102V_HRB10655,Lauingen,https://www.verotec.de/karriere/,custom_career_page,no_structured_jobs,false,job listing link,job-link discovery + JSON-LD,200,5,0,0,,2026-09-15T15:55:51.996420+00:00,verified company career page from Bavaria company audit
f9d965de47c8b5c9a734,VitaJuwel GmbH,www.vitajuwel.com,D2304V_HRB10666,Scheidegg i. Allgäu,https://www.vitajuwel.com/de/company/career,custom_career_page,monitoring,false,none,not_tested,,0,0,0,,2026-09-15T15:56:21.835536+00:00,verified company career page from Bavaria company audit
2ec84974c606e7a23375,Volkert GmbH,volkert.com,D4708V_HRB2398,Gräfendorf - Weikersgrüben,https://volkert.com/careers/,custom_career_page,monitoring,false,none,not_tested,,0,0,0,,2026-09-15T15:56:21.835536+00:00,verified company career page from Bavaria company audit
b4a095168bd34dc94bef,WIMAG GmbH,wimag.de,D4102V_HRB363,Eisenbach,https://wimag.de/stellenangebote,custom_career_page,no_structured_jobs,false,job listing link,job-link discovery + JSON-LD,200,0,0,0,,2026-09-15T15:55:51.996420+00:00,verified company career page from Bavaria company audit
dc2638c3b022ec34727b,Weyer Holzbau GmbH,weyerholzbau.de,D4708V_HRB2429,Roden -Ansbach,https://weyerholzbau.de/jobs,custom_career_page,monitoring,false,none,not_tested,,0,0,0,,2026-09-15T15:56:21.835536+00:00,verified company career page from Bavaria company audit
e8d3bcf7c766777e94b1,Wiedenmann - Seile GmbH,www.wiedenmannseile.de,D4708V_HRB687,Marktsteft/Main,https://www.wiedenmannseile.de/jobs/,custom_career_page,ingestion_ready,true,job listing link,job-link discovery + JSON-LD,200,10,7,7,,2026-09-15T15:55:51.996420+00:00,verified company career page from Bavaria company audit
32345153bb9e34807998,Windooro GmbH,windooro.de,D4708V_HRB12272,Gaukönigshofen-Acholshausen,https://windooro.de/jobs/,custom_career_page,no_structured_jobs,false,job listing link,job-link discovery + JSON-LD,200,2,0,0,,2026-09-15T15:55:51.996420+00:00,verified company career page from Bavaria company audit
19f59c2f87a1f4b9d604,Wolfrom GmbH,wolfrom.de,D2102V_HRB9694,Gundelfingen an der Donau,https://wolfrom.de/karriere,custom_career_page,monitoring,false,none,not_tested,,0,0,0,,2026-09-15T15:56:21.835536+00:00,verified company career page from Bavaria company audit
447eef6c207ffaf2ed48,Zambelli GmbH,www.zambelli.com,D2803V_HRB1139,"Haus im Wald, Stadt Grafenau",https://www.zambelli.com/de/karriere.html#stellenanzeigen,custom_career_page,no_structured_jobs,false,job listing link,job-link discovery + JSON-LD,200,0,0,0,,2026-09-15T15:55:51.996420+00:00,verified company career page from Bavaria company audit
7cb67b1da68b27d4a77e,Zellner Bau GmbH,www.zellnerbau.de,D5701V_HRB190271,"Schweitenkirchen, Ortsteil Holzhäuseln",https://www.zellnerbau.de/#karriere,custom_career_page,monitoring,false,none,not_tested,,0,0,0,,2026-09-15T15:56:21.835536+00:00,verified company career page from Bavaria company audit
8dfd2d04168d5a71bc73,Zirngibl GmbH,zirngibl.de,D3410V_HRB8218,"Neustadt/Donau, Ortsteil Schwaig",https://zirngibl.de/karriere/,custom_career_page,monitoring,false,none,not_tested,,0,0,0,,2026-09-15T15:56:21.835536+00:00,verified company career page from Bavaria company audit
31445eaaf7f1acfd8dd4,all.truck GmbH,alltruck.de,D2505V_HRB11288,Sontheim,https://alltruck.de/jobs,custom_career_page,monitoring,false,none,not_tested,,0,0,0,,2026-09-15T15:56:21.835536+00:00,verified company career page from Bavaria company audit
501e8a7ab6ec801bed7b,arex PHARMA GmbH,www.arexpharma.com,D2601V_HRB173963,Schäftlarn OT Ebenhausen,https://www.arexpharma.com/career-1/,custom_career_page,monitoring,false,none,not_tested,,0,0,0,,2026-09-15T15:56:21.835536+00:00,verified company career page from Bavaria company audit
69868bf6cef12b55616c,clickandgrill GmbH,clickandgrill.de,D4301V_HRB5483,Aufseß,https://clickandgrill.de/catalogsearch/result/?q=karriere&amnoroute,custom_career_page,monitoring,false,none,not_tested,,0,0,0,,2026-09-15T15:56:21.835536+00:00,verified company career page from Bavaria company audit
0e0887749e1f1df0d932,hilzinger GmbH,www.hilzinger.de,D2505V_HRB12209,Neu-Ulm (OT Burlafingen),https://www.hilzinger.de/jobs,custom_career_page,no_structured_jobs,false,job listing link,job-link discovery + JSON-LD,200,3,0,0,,2026-09-15T15:55:51.996420+00:00,verified company career page from Bavaria company audit
22de3488dad1223b150c,iga tec gmbh,igatec.de,D2601V_HRB113237,Gauting Ortsteil Buchendorf,https://igatec.de/unternehmen/jobs-karriere/,custom_career_page,no_structured_jobs,false,job listing link,job-link discovery + JSON-LD,200,0,0,0,,2026-09-15T15:55:51.996420+00:00,verified company career page from Bavaria company audit
bb46a1bfcca5ce232155,miromatic AG,miromatic.com,D2505V_HRB13352,Egg a.d. Günz,https://miromatic.com/karriere-offene-stellen,custom_career_page,no_structured_jobs,false,job listing link,job-link discovery + JSON-LD,200,0,0,0,,2026-09-15T15:55:51.996420+00:00,verified company career page from Bavaria company audit
82266b7a20fe88244665,schattdecor AG,www.schattdecor.com,D2910V_HRB13582,Rohrdorf OT Thansau,https://www.schattdecor.com/de/,custom_career_page,monitoring,false,none,not_tested,,0,0,0,,2026-09-15T15:56:21.835536+00:00,verified company career page from Bavaria company audit
059ef00096f9e9af50f9,Autohaus Sorg GmbH,www.autohaussorg.de,D4201V_HRB1546,Ebern,https://www.autohaussorg.de/karriere/,custom_career_page,monitoring,false,none,not_tested,,0,0,0,,2026-09-15T15:56:21.835536+00:00,verified company career page from Bavaria company audit
2ce7229d02c5cc921777,Bleisteiner Holz GmbH,www.bleisteinerholz.de,D2102V_HRB24172,Auhausen,https://www.ionos.de/websites/homepage-erstellen,custom_career_page,monitoring,false,none,not_tested,,0,0,0,,2026-09-15T15:56:21.835536+00:00,verified company career page from Bavaria company audit
d330579f09a40b917e35,Brummer GmbH,www.brummer.de,D2601V_HRB90993,Eichenried,https://www.brummer.de/karriere,custom_career_page,monitoring,false,none,not_tested,,0,0,0,,2026-09-15T15:56:21.835536+00:00,verified company career page from Bavaria company audit
a54f1d7c7a42232d0260,Decker Anlagenbau GmbH,www.decker-anlagenbau.de,D3310V_HRB12423,Berching,https://decker-anlagenbau.de/unternehmen/karriere/,custom_career_page,monitoring,false,none,not_tested,,0,0,0,,2026-09-15T15:56:21.835536+00:00,verified company career page from Bavaria company audit
d3e369f8e1a9fbd6dc65,Freewave GmbH,www.freewave.com,D2404V_HRB11018,Bodenkirchen,https://www.freewave.com/about/careers/,custom_career_page,monitoring,false,none,not_tested,,0,0,0,,2026-09-15T15:56:21.835536+00:00,verified company career page from Bavaria company audit
8c0fea59b847a9ba6977,Kfz-Heuschneider GmbH,www.kfz-heuschneider.de,D3410V_HRB15777,Brennberg,https://kfz-heuschneider.de/stellenangebote/,custom_career_page,no_structured_jobs,false,job listing link,job-link discovery + JSON-LD,200,2,0,0,,2026-09-15T15:55:51.996420+00:00,verified company career page from Bavaria company audit
5a159024a38f22747063,Kräuter Mix GmbH,www.kraeuter-mix.de,D4708V_HRB4809,Abtswind,https://www.kraeuter-mix.de/karriere/arbeiten-bei-kraeuter-mix,custom_career_page,no_structured_jobs,false,job listing link,job-link discovery + JSON-LD,200,0,0,0,,2026-09-15T15:55:51.996420+00:00,verified company career page from Bavaria company audit
3381822f097d2fc4798a,Landbäckerei Sinz GmbH,www.landbaeckerei-sinz.de,D2304V_HRB10262,Durach,https://jobs.landbaeckerei-sinz.de/,custom_career_page,monitoring,false,none,not_tested,,0,0,0,,2026-09-15T15:56:21.835536+00:00,verified company career page from Bavaria company audit
d28b5529e5ca9193a496,MKS Architekten-Ingenieure GmbH,www.mks-ai.de,D3413V_HRB11337,Ascha,https://www.mks-ai.de/karriere/,custom_career_page,monitoring,false,none,not_tested,,0,0,0,,2026-09-15T15:56:21.835536+00:00,verified company career page from Bavaria company audit
92ef53ede6523b970ebc,Nilfisk GmbH,www.nilfisk.com,D2505V_HRB10264,Bellenberg,https://www.nilfisk.com/global/,custom_career_page,monitoring,false,none,not_tested,,0,0,0,,2026-09-15T15:56:21.835536+00:00,verified company career page from Bavaria company audit
4c0216af590e9490d88b,OTTO SPANNER GmbH,www.spanner.de,D2404V_HRB1124,Bayerbach,https://www.spanner.de/karriere/,custom_career_page,no_structured_jobs,false,job listing link,job-link discovery + JSON-LD,200,1,0,0,,2026-09-15T15:55:51.996420+00:00,verified company career page from Bavaria company audit
3db17a6dbaf41642295b,PROJEKT PRO GmbH,www.projektpro.com,D2910V_HRB15475,Aschau i.Chiemgau,https://www.projektpro.com/karriere,custom_career_page,monitoring,false,none,not_tested,,0,0,0,,2026-09-15T15:56:21.835536+00:00,verified company career page from Bavaria company audit
db780d4a59f589546ec2,Reitz GmbH,reitz.de,D4201V_HRB1562,Eltmann,https://reitz.de/unternehmen/stellenangebote/,custom_career_page,no_structured_jobs,false,job listing link,job-link discovery + JSON-LD,200,5,0,0,,2026-09-15T15:55:51.996420+00:00,verified company career page from Bavaria company audit
d7b90d9b9a1cdd1455a4,S&F GmbH,www.sf.com,D2102V_HRB17603,Alerheim,https://www.sf.com/karriere/,custom_career_page,ingestion_ready,true,job listing link,job-link discovery + JSON-LD,200,4,3,3,,2026-09-15T15:55:51.996420+00:00,verified company career page from Bavaria company audit
decb3ee7b4f1dd22c5b0,T + E Humuswerk GmbH,www.altmuehl-humus.de,D3201V_HRB2289,Bechhofen,https://altmuehlhumus.de/karriere/,custom_career_page,no_structured_jobs,false,job listing link,job-link discovery + JSON-LD,200,1,0,0,,2026-09-15T15:55:51.996420+00:00,verified company career page from Bavaria company audit
b4645855b663a8565330,Thalhofer GmbH,www.thalhofer.de,D2505V_HRB12858,Deisenhausen,https://www.thalhofer.de/karriere/,custom_career_page,no_structured_jobs,false,job listing link,job-link discovery + JSON-LD,200,1,0,0,,2026-09-15T15:55:51.996420+00:00,verified company career page from Bavaria company audit
c68a039611665469be54,VDL GmbH,www.vdl.de,D3310V_HRB29202,Berg b.Neumarkt i.d.OPf,https://www.vdl.de/karrieremesse-internationale-organisationen-28-01-2017-auswaertiges-amt-berlin/,custom_career_page,monitoring,false,none,not_tested,,0,0,0,,2026-09-15T15:56:21.835536+00:00,verified company career page from Bavaria company audit
854903edd7a0abd76aa0,Walter Bau Ahorntal GmbH,www.walterbauahorntal.de,D4301V_HRB5703,Ahorntal,https://www.walterbauahorntal.de/jobs,custom_career_page,no_structured_jobs,false,job listing link,job-link discovery + JSON-LD,200,3,0,0,,2026-09-15T15:55:51.996420+00:00,verified company career page from Bavaria company audit
55f53ba483b8952f103a,Wolke GmbH,www.wolke.com,D2601V_HRB118297,Egmating,https://www.wolke.com/unternehmen/jobs,custom_career_page,monitoring,false,none,not_tested,,0,0,0,,2026-09-15T15:56:21.835536+00:00,verified company career page from Bavaria company audit
